PharmGKB Accession Id,Name,Generic Names,Trade Names,Brand Mixtures,Type,Cross-references,SMILES,InChI,Dosing Guideline,External Vocabulary,Clinical Annotation Count,Variant Annotation Count,Pathway Count,VIP Count,Dosing Guideline Sources,Top Clinical Annotation Level,Top FDA Label Testing Level,Top Any Drug Label Testing Level,Label Has Dosing Info,Has Rx Annotation,RxNorm Identifiers,ATC Identifiers,PubChem Compound Identifiers
PA164712302,2-amino-1-phenylethanol derivatives,,,,Drug Class,,,,No,ATC:C04AA(2-amino-1-phenylethanol derivatives),0,0,0,0,,,,,,,,C04AA,
PA134967247,2-methoxyestradiol,,,,Drug,PubChem Compound:66414,,,No,,0,0,0,0,,,,,,,,,66414
PA131887008,"3,4-methylenedioxymethamphetamine","Ecstasy,""MDMA""",,,Drug,"ChEBI:CHEBI:1391,""Chemical Abstracts Service:42542-10-9"",""ChemSpider:1556"",""DrugBank:DB01454"",""KEGG Compound:C07577"",""PubChem Compound:1615"",""PubChem Substance:46506404"",""PubChem Substance:9780"",""URL:http://en.wikipedia.org/wiki/3%2C4-Methylenedioxymethamphetamine""",CC(CC1=CC2=C(C=C1)OCO2)NC,"InChI=1S/C11H15NO2/c1-8(12-2)5-9-3-4-10-11(6-9)14-7-13-10/h3-4,6,8,12H,5,7H2,1-2H3",No,,6,6,0,0,,3,,,,,,,1615
PA165958321,"3,5-dimethyl-2-(3-pyridyl)thiazolidin-4-one","( )-cis-3,5-Dimethyl-2-(3-pyridyl)thiazolidin-4-one hydrochloride,""130841-70-2"",""158511-47-8"",""3,5-dimethyl-2-(3-pyridyl)thiazolidin-4-one"",""4-Thiazolidinone, 3,5-dimethyl-2-(3-pyridinyl)-, monohydrochloride, cis-(+-)-"",""AC1L433Y"",""SM-10661"",""SM-12502""",,,Drug,PubChem Compound:178014,C[C@H]1C(=O)N([C@H](S1)C2=CN=CC=C2)C.Cl,"InChI=1S/C10H12N2OS.ClH/c1-7-9(13)12(2)10(14-7)8-4-3-5-11-6-8;/h3-7,10H,1-2H3;1H/t7-,10+;/m0./s1",No,,0,0,0,0,,,,,,,,,178014
PA165945765,"3-((6-amino-(4-chlorobenzenesulfonyl)-2-methyl-5,6,7,8-tetrahydronapht)-1-yl)propionic acid",terutroban,,,Drug,PubChem Compound:23674098,CC1=C(C2=C(C[C@@H](CC2)NS(=O)(=O)C3=CC=C(C=C3)Cl)C=C1)CCC(=O)[O-].[Na+],"InChI=1S/C20H22ClNO4S.Na/c1-13-2-3-14-12-16(6-9-19(14)18(13)10-11-20(23)24)22-27(25,26)17-7-4-15(21)5-8-17;/h2-5,7-8,16,22H,6,9-12H2,1H3,(H,23,24);/q;+1/p-1/t16-;/m1./s1",No,,0,0,0,0,,,,,,,,,23674098
PA165858618,3-aminopyridine-2-carboxaldehyde thiosemicarbazone,,,,Drug,PubChem Compound:9571836,C1=CC(=C(N=C1)/C=N/NC(=S)N)N,"InChI=1S/C7H9N5S/c8-5-2-1-3-10-6(5)4-11-12-7(9)13/h1-4H,8H2,(H3,9,12,13)/b11-4+",No,,0,0,0,1,,,,,,,,,9571836
PA451993,3-beta-hydroxy-5-androsten-17-one,"3-beta-hydroxy-5-androsten-17-one,""5-dehydroepiandrosterone"",""5-dhea"",""dha"",""dhea"",""prasterone""","Fidelin,""OVIGYN-D""",,Drug,"ChEBI:CHEBI:28689,""Chemical Abstracts Service:53-43-0"",""ChemSpider:5670"",""DrugBank:DB01708"",""IUPHAR Ligand:2370"",""KEGG Compound:C01227"",""PDB:AND"",""PubChem Compound:5881"",""PubChem Substance:4449"",""PubChem Substance:46508824""",C[C@]12CC[C@H]3[C@H]([C@@H]1CCC2=O)CC=C4[C@@]3(CC[C@@H](C4)O)C,"InChI=1S/C19H28O2/c1-18-9-7-13(20)11-12(18)3-4-14-15-5-6-17(21)19(15,2)10-8-16(14)18/h3,13-16,20H,4-11H2,1-2H3/t13-,14-,15-,16-,18-,19-/m0/s1",No,"MeSH:C033625(Gynodian),""MeSH:C452866(GL-701)"",""ATC:A14AA07(prasterone)""",0,0,0,0,,,,,,,,A14AA07,5881
PA166123047,3-cyano-7-ethoxycoumarin,,,,Drug,PubChem Compound:164045,CCOC1=CC2=C(C=C1)C=C(C(=O)O2)C#N,"InChI=1S/C12H9NO3/c1-2-15-10-4-3-8-5-9(7-13)12(14)16-11(8)6-10/h3-6H,2H2,1H3",No,,0,2,0,0,,,,,,,,,164045
PA164712303,3-oxoandrosten (4) derivatives,,,,Drug Class,,,,No,ATC:G03BA(3-oxoandrosten (4) derivatives),0,0,0,0,,,,,,,,G03BA,
PA166122786,"4,6,4'-trimethylangelicin",,,,Drug,PubChem Compound:107731,CC1=CC(=O)OC2=C3C(=COC3=C(C=C12)C)C,"InChI=1S/C14H12O3/c1-7-5-11(15)17-14-10(7)4-8(2)13-12(14)9(3)6-16-13/h4-6H,1-3H3",No,,0,0,0,0,,,,,,,,,107731
PA151958637,4-methylthioamphetamine,,,,Drug,,,,No,,0,0,0,0,,,,,,,,,
PA154081778,4-methylumbelliferone,,,,Drug,,,,No,,0,0,0,0,,,,,,,,,
PA164712304,5-androstanon (3) derivatives,,,,Drug Class,,,,No,ATC:G03BB(5-androstanon (3) derivatives),0,0,0,0,,,,,,,,G03BB,
PA151958362,"6,7-dihydroxybergamottin",,,,Drug,,,,No,,0,0,0,0,,,,,,,,,
PA130230922,6-o-phosphoryl inosine monophosphate,,,,Drug,"DrugBank:DB03510,""PDB:IMO"",""PubChem Compound:444818"",""PubChem Substance:46506764""",C1=NC2=C(C(=N1)OP(=O)(O)O)N=CN2[C@H]3[C@@H]([C@@H]([C@H](O3)COP(=O)(O)O)O)O,"InChI=1S/C10H14N4O11P2/c15-6-4(1-23-26(17,18)19)24-10(7(6)16)14-3-13-5-8(14)11-2-12-9(5)25-27(20,21)22/h2-4,6-7,10,15-16H,1H2,(H2,17,18,19)(H2,20,21,22)/t4-,6-,7-,10-/m1/s1",No,,0,0,0,0,,,,,,,,,444818
PA152530740,"8-cyclopentyl-1,3-dipropylxanthine",8-cyclopentyl-1,,,Drug,,,,No,,0,0,0,0,,,,,,,,,
PA166104276,ABT-751,,,,Drug,,,,No,RxNorm:1661017(ABT-925),2,18,0,0,,3,,,,,1661017,,
PA164712305,ACE inhibitors and calcium channel blockers,,,,Drug Class,,,,No,ATC:C09BB(ACE inhibitors and calcium channel blockers),0,0,0,0,,,,,,,,C09BB,
PA164712306,ACE inhibitors and diuretics,,,,Drug Class,,,,No,ATC:C09BA(ACE inhibitors and diuretics),0,0,0,0,,,,,,,,C09BA,
PA164738432,AZD1152,,,,Drug,,,,No,,0,0,0,0,,,,,,,,,
PA164712307,"Ace Inhibitors, Combinations",,,,Drug Class,,,,No,"ATC:C09B(Ace Inhibitors, Combinations)",0,0,0,0,,,,,,,,C09B,
PA164712308,"Ace Inhibitors, Plain",Ace Inhibitor,,,Drug Class,,,,No,"ATC:C09AA(ACE inhibitors, plain)",21,19,2,1,,3,,,,,,C09AA,
PA164712309,Acetic acid derivatives and related substances,,,,Drug Class,,,,No,ATC:M01AB(Acetic acid derivatives and related substances),0,0,0,0,,,,,,,,M01AB,
PA164712310,Acid preparations,,,,Drug Class,,,,No,ATC:A09AB(Acid preparations),0,0,0,0,,,,,,,,A09AB,
PA164712311,Acidifiers,,,,Drug Class,,,,No,ATC:G04BA(Acidifiers),0,0,0,0,,,,,,,,G04BA,
PA164712312,Acridine derivatives,,,,Drug Class,,,,No,ATC:D08AA(Acridine derivatives),0,0,0,0,,,,,,,,D08AA,
PA164712313,Acth,,,,Drug Class,,,,No,"ATC:H01AA(Acth),""UMLS:C0001655(Corticotropin)"",""NDFRT:N0000006478(Adrenocorticotropic Hormone [Chemical/Ingredient])""",0,0,0,0,,,,,,,,H01AA,
PA164712314,Actinomycines,,,,Drug Class,,,,No,ATC:L01DA(Actinomycines),0,0,0,1,,,,,,,,L01DA,
PA164712315,Adamantane derivatives,,,,Drug Class,,,,No,ATC:N04BB(Adamantane derivatives),0,0,0,0,,,,,,,,N04BB,
PA164712316,Adrenergic and dopaminergic agents,,,,Drug Class,,,,No,ATC:C01CA(Adrenergic and dopaminergic agents),0,0,0,0,,,,,,,,C01CA,
PA164712317,Adrenergics For Systemic Use,,,,Drug Class,,,,No,ATC:R03C(Adrenergics For Systemic Use),0,0,0,0,,,,,,,,R03C,
PA164712318,Adrenergics and other drugs for obstructive airway diseases,,,,Drug Class,,,,No,"ATC:R03AK(Adrenergics and other drugs for obstructive airway diseases),""ATC:R03CK(Adrenergics and other drugs for obstructive airway diseases)""",0,0,0,0,,,,,,,,"R03AK,""R03CK""",
PA164712320,Agents Acting On The Renin-angiotensin System,RAAS acting drugs,,,Drug Class,,,,No,ATC:C09(Agents Acting On The Renin-angiotensin System),0,0,0,0,,,,,,,,C09,
PA164712321,Agents Against Amoebiasis And Other Protozoal Diseases,,,,Drug Class,,,,No,ATC:P01A(Agents Against Amoebiasis And Other Protozoal Diseases),0,0,0,0,,,,,,,,P01A,
PA164712322,Agents Against Leishmaniasis And Trypanosomiasis,,,,Drug Class,,,,No,ATC:P01C(Agents Against Leishmaniasis And Trypanosomiasis),0,0,0,0,,,,,,,,P01C,
PA164712323,Agents For Treatment Of Hemorrhoids And,,,,Drug Class,,,,No,ATC:C05A(Agents For Treatment Of Hemorrhoids And),0,0,0,0,,,,,,,,C05A,
PA164712324,Aldehydes and derivatives,,,,Drug Class,,,,No,ATC:N05CC(Aldehydes and derivatives),0,0,0,0,,,,,,,,N05CC,
PA164712325,Aldose reductase inhibitors,,,,Drug Class,,,,No,ATC:A10XA(Aldose reductase inhibitors),0,0,0,0,,,,,,,,A10XA,
PA164712326,Aldosterone antagonists,,,,Drug Class,,,,No,"ATC:C03DA(Aldosterone antagonists),""UMLS:C2757004(Aldosterone Antagonists [MoA])"",""NDFRT:N0000011310(Aldosterone Antagonists [MoA])""",0,1,0,0,,,,,,,,C03DA,
PA164712327,Alimentary Tract And Metabolism,,,,Drug Class,,,,No,ATC:A(Alimentary Tract And Metabolism),0,0,0,0,,,,,,,,A,
PA164712328,"Alkaloids, excl. rauwolfia",,,,Drug Class,,,,No,"ATC:C02KA(Alkaloids, excl. rauwolfia)",0,0,0,0,,,,,,,,C02KA,
PA164712329,"Alkaloids, excl. rauwolfia, in combination with diuretics",,,,Drug Class,,,,No,"ATC:C02LK(Alkaloids, excl. rauwolfia, in combination with diuretics)",0,0,0,0,,,,,,,,C02LK,
PA164712330,Alkyl sulfonates,,,,Drug Class,,,,No,"ATC:L01AB(Alkyl sulfonates),""UMLS:C0002072(Alkanesulfonates [Chemical/Ingredient])"",""NDFRT:N0000007506(Alkanesulfonates [Chemical/Ingredient])""",0,0,0,0,,,,,,,,L01AB,
PA164712331,Alkylating Agents,,,,Drug Class,,,,No,ATC:L01A(Alkylating Agents),3,1,0,0,,2A,,,,,,L01A,
PA164712332,All Other Non-therapeutic Products,All Other Non-therapeutic Products,,,Drug Class,,,,No,"ATC:V07(All Other Non-therapeutic Products),""ATC:V07A(All Other Non-therapeutic Products)""",0,0,0,0,,,,,,,,"V07,""V07A""",
PA164712334,All Other Therapeutic Products,All Other Therapeutic Products,,,Drug Class,,,,No,"ATC:V03(All Other Therapeutic Products),""ATC:V03A(All Other Therapeutic Products)""",0,0,0,0,,,,,,,,"V03,""V03A""",
PA164712336,Allergen extracts,,,,Drug Class,,,,No,ATC:V01AA(Allergen extracts),0,0,0,0,,,,,,,,V01AA,
PA164712337,Allergens,Allergens,,,Drug Class,,,,No,"ATC:V01(Allergens),""ATC:V01A(Allergens)"",""UMLS:C0002092(Allergens [Chemical/Ingredient])"",""NDFRT:N0000171131(Allergens [Chemical/Ingredient])""",0,0,0,0,,,,,,,,"V01,""V01A""",
PA164712339,Alpha and beta blocking agents,,,,Drug Class,,,,No,ATC:C07AG(Alpha and beta blocking agents),0,0,0,0,,,,,,,,C07AG,
PA164712340,Alpha and beta blocking agents and other diuretics,,,,Drug Class,,,,No,ATC:C07CG(Alpha and beta blocking agents and other diuretics),0,0,0,0,,,,,,,,C07CG,
PA164712341,Alpha and beta blocking agents and thiazides,,,,Drug Class,,,,No,ATC:C07BG(Alpha and beta blocking agents and thiazides),0,0,0,0,,,,,,,,C07BG,
PA164712342,Alpha glucosidase inhibitors,,,,Drug Class,,,,No,"ATC:A10BF(Alpha glucosidase inhibitors),""UMLS:C2756986(alpha Glucosidase Inhibitors [MoA])"",""NDFRT:N0000000166(alpha Glucosidase Inhibitors [MoA])""",0,0,0,0,,,,,,,,A10BF,
PA164712343,Alpha- and beta-adrenoreceptor agonists,,,,Drug Class,,,,No,ATC:R03CA(Alpha- and beta-adrenoreceptor agonists),0,0,0,0,,,,,,,,R03CA,
PA164712344,Alpha-adrenoreceptor antagonists,,,,Drug Class,,,,No,"ATC:C02CA(Alpha-adrenoreceptor antagonists),""ATC:G04CA(Alpha-adrenoreceptor antagonists)""",0,0,1,0,,,,,,,,"C02CA,""G04CA""",
PA164712346,Alpha-adrenoreceptor antagonists and diuretics,,,,Drug Class,,,,No,ATC:C02LE(Alpha-adrenoreceptor antagonists and diuretics),0,0,0,0,,,,,,,,C02LE,
PA164712347,Aluminium agents,,,,Drug Class,,,,No,ATC:D08AB(Aluminium agents),0,0,0,0,,,,,,,,D08AB,
PA164712348,Aluminium compounds,,,,Drug Class,,,,No,ATC:A02AB(Aluminium compounds),0,0,0,0,,,,,,,,A02AB,
PA164712349,Amides,,,,Drug Class,,,,No,"ATC:N01BB(Amides),""UMLS:C0002482(Amides [Chemical/Ingredient])"",""NDFRT:N0000007681(Amides [Chemical/Ingredient])""",0,0,0,0,,,,,,,,N01BB,
PA164712351,Amino acids and derivatives,,,,Drug Class,,,,No,ATC:A16AA(Amino acids and derivatives),0,0,0,0,,,,,,,,A16AA,
PA164712352,"Amino acids, incl. combinations with polypeptides",,,,Drug Class,,,,No,"ATC:V06DD(Amino acids, incl. combinations with polypeptides)",0,0,0,0,,,,,,,,V06DD,
PA164712353,"Amino acids/carbohydrates/minerals/vitamins, combinations",,,,Drug Class,,,,No,"ATC:V06DE(Amino acids/carbohydrates/minerals/vitamins, combinations)",0,0,0,0,,,,,,,,V06DE,
PA164712354,Aminoalkyl ethers,,,,Drug Class,,,,No,ATC:R06AA(Aminoalkyl ethers),0,0,0,0,,,,,,,,R06AA,
PA164712355,Aminoquinolines,,,,Drug Class,,,,No,"ATC:P01BA(Aminoquinolines),""UMLS:C0002588(Aminoquinolines [Chemical/Ingredient])"",""NDFRT:N0000007864(Aminoquinolines [Chemical/Ingredient])""",0,0,0,0,,,,,,,,P01BA,
PA164712356,Aminosalicylic acid and derivatives,,,,Drug Class,,,,No,ATC:J04AA(Aminosalicylic acid and derivatives),0,0,0,0,,,,,,,,J04AA,
PA164712357,Aminosalicylic acid and similar agents,,,,Drug Class,,,,No,ATC:A07EC(Aminosalicylic acid and similar agents),0,0,0,0,,,,,,,,A07EC,
PA164712358,Amphenicols,Amphenicols,,,Drug Class,,,,No,"ATC:J01B(Amphenicols),""ATC:J01BA(Amphenicols)"",""UMLS:C2266957(Amphenicols [Chemical/Ingredient])"",""NDFRT:N0000175479(Amphenicols [Chemical/Ingredient])""",0,0,0,0,,,,,,,,"J01B,""J01BA""",
PA164712360,Anabolic Agents For Systemic Use,,,,Drug Class,,,,No,ATC:A14(Anabolic Agents For Systemic Use),0,0,0,0,,,,,,,,A14,
PA164712361,Anabolic Steroids,,,,Drug Class,,,,No,ATC:A14A(Anabolic Steroids),0,0,0,0,,,,,,,,A14A,
PA164712362,Analgesics,,,,Drug Class,ClinicalTrials.gov:NCT01809106,,,No,"ATC:N02(Analgesics),""UMLS:C0002771([CN100] ANALGESICS)"",""NDFRT:N0000029133([CN100] ANALGESICS)""",7,5,0,0,,3,,,,,,N02,
PA164712363,Analgesics and anesthetics,,,,Drug Class,,,,No,ATC:S02DA(Analgesics and anesthetics),0,0,0,0,,,,,,,,S02DA,
PA164712364,"Androgen, progestogen and estrogen in combination",,,,Drug Class,,,,No,"ATC:G03EB(Androgen, progestogen and estrogen in combination)",0,0,0,0,,,,,,,,G03EB,
PA164712365,Androgens And Female Sex Hormones In Combination,,,,Drug Class,,,,No,ATC:G03E(Androgens And Female Sex Hormones In Combination),0,0,0,0,,,,,,,,G03E,
PA164712366,Androgens and female sex hormones in combination with other drugs,,,,Drug Class,,,,No,ATC:G03EK(Androgens and female sex hormones in combination with other drugs),0,0,0,0,,,,,,,,G03EK,
PA164712367,Androstan derivatives,,,,Drug Class,,,,No,ATC:A14AA(Androstan derivatives),0,0,0,0,,,,,,,,A14AA,
PA164712372,Angiotensin II Antagonists,"Angiotensin II antagonists, plain",,,Drug Class,,,,No,"ATC:C09C(Angiotensin Ii Antagonists, Plain),""ATC:C09CA(Angiotensin II antagonists, plain)""",3,0,1,1,,3,,,,,,"C09C,""C09CA""",
PA164712371,"Angiotensin II Antagonists, Combinations",,,,Drug Class,,,,No,"ATC:C09D(Angiotensin Ii Antagonists, Combinations)",0,0,0,0,,,,,,,,C09D,
PA164712368,Angiotensin II antagonists and calcium channel blockers,,,,Drug Class,,,,No,ATC:C09DB(Angiotensin II antagonists and calcium channel blockers),0,0,0,0,,,,,,,,C09DB,
PA164712369,Angiotensin II antagonists and diuretics,,,,Drug Class,,,,No,ATC:C09DA(Angiotensin II antagonists and diuretics),0,0,0,0,,,,,,,,C09DA,
PA164712373,Anilides,,,,Drug Class,,,,No,"ATC:N02BE(Anilides),""UMLS:C0003035(Anilides [Chemical/Ingredient])"",""NDFRT:N0000007515(Anilides [Chemical/Ingredient])""",0,0,0,0,,,,,,,,N02BE,
PA164712374,Antacids with antiflatulents,,,,Drug Class,,,,No,ATC:A02AF(Antacids with antiflatulents),0,0,0,0,,,,,,,,A02AF,
PA164712375,Antacids with antispasmodics,,,,Drug Class,,,,No,ATC:A02AG(Antacids with antispasmodics),0,0,0,0,,,,,,,,A02AG,
PA164712376,Antacids with sodium bicarbonate,,,,Drug Class,,,,No,ATC:A02AH(Antacids with sodium bicarbonate),0,0,0,0,,,,,,,,A02AH,
PA164712377,"Antacids, other combinations",,,,Drug Class,,,,No,"ATC:A02AX(Antacids, other combinations)",0,0,0,0,,,,,,,,A02AX,
PA164712378,Anterior Pituitary Lobe Hormones And Analogues,,,,Drug Class,,,,No,ATC:H01A(Anterior Pituitary Lobe Hormones And Analogues),0,0,0,0,,,,,,,,H01A,
PA164712379,Anthelmintics,,,,Drug Class,,,,No,"ATC:P02(Anthelmintics),""UMLS:C0003158([AP200] ANTHELMINTICS)"",""NDFRT:N0000029099([AP200] ANTHELMINTICS)""",0,0,0,0,,,,,,,,P02,
PA164712380,Anthrax vaccines,,,,Drug Class,,,,No,"ATC:J07AC(Anthrax vaccines),""UMLS:C0358297(Anthrax Vaccines [Chemical/Ingredient])"",""NDFRT:N0000170890(Anthrax Vaccines [Chemical/Ingredient])""",0,0,0,0,,,,,,,,J07AC,
PA164712381,Anti-acne Preparations,,,,Drug Class,,,,No,ATC:D10(Anti-acne Preparations),0,0,0,0,,,,,,,,D10,
PA164712382,Anti-acne Preparations For Systemic Use,,,,Drug Class,,,,No,ATC:D10B(Anti-acne Preparations For Systemic Use),0,0,0,0,,,,,,,,D10B,
PA164712383,Anti-acne Preparations For Topical Use,,,,Drug Class,,,,No,ATC:D10A(Anti-acne Preparations For Topical Use),0,0,0,0,,,,,,,,D10A,
PA164712384,Anti-androgens,,,,Drug Class,,,,No,ATC:L02BB(Anti-androgens),0,0,0,0,,,,,,,,L02BB,
PA164712385,Anti-dementia Drugs,,,,Drug Class,,,,No,ATC:N06D(Anti-dementia Drugs),0,0,0,0,,,,,,,,N06D,
PA164712386,Anti-estrogens,,,,Drug Class,,,,No,ATC:L02BA(Anti-estrogens),0,0,0,0,,,,,,,,L02BA,
PA164712387,Anti-gonadotropin-releasing hormones,,,,Drug Class,,,,No,ATC:H01CC(Anti-gonadotropin-releasing hormones),0,0,0,0,,,,,,,,H01CC,
PA164712388,Anti-parathyroid Agents,,,,Drug Class,,,,No,ATC:H05B(Anti-parathyroid Agents),0,0,0,0,,,,,,,,H05B,
PA164712389,Anti-parkinson Drugs,,,,Drug Class,,,,No,ATC:N04(Anti-parkinson Drugs),0,0,0,0,,,,,,,,N04,
PA164712390,Antiadrenal Preparations,,,,Drug Class,,,,No,ATC:H02C(Antiadrenal Preparations),0,0,0,0,,,,,,,,H02C,
PA164712391,"Antiadrenergic Agents, Centrally Acting",,,,Drug Class,,,,No,"ATC:C02A(Antiadrenergic Agents, Centrally Acting)",0,0,0,0,,,,,,,,C02A,
PA164712392,"Antiadrenergic Agents, Ganglion-blocking",,,,Drug Class,,,,No,"ATC:C02B(Antiadrenergic Agents, Ganglion-blocking)",0,0,0,0,,,,,,,,C02B,
PA164712393,"Antiadrenergic Agents, Peripherally Acting",,,,Drug Class,,,,No,"ATC:C02C(Antiadrenergic Agents, Peripherally Acting)",0,0,0,0,,,,,,,,C02C,
PA164712394,"Antiallergic agents, excl. corticosteroids",,,,Drug Class,,,,No,"ATC:A07EB(Antiallergic agents, excl. corticosteroids),""ATC:R01AC(Antiallergic agents, excl. corticosteroids)"",""ATC:R03BC(Antiallergic agents, excl. corticosteroids)""",0,0,0,0,,,,,,,,"A07EB,""R01AC"",""R03BC""",